Progeny,Sire,Dam,Sex,Phen
7519,6662,6108,F,-1.669972
7399,6561,6687,F,+1.030195
7151,6258,6127,M,+0.085925
8418,7151,7399,F,-0.476189
8419,7151,7519,F,-0.071148
8420,7151,7519,M,+0.578070
